website,5_star_percentage,4_star_percentage,3_star_percentage,2_star_percentage,1_star_percentage
www.flydealfare.com,95%,4%,<1%,<1%,<1%
peruforless.com,96%,3%,<1%,0%,0%
www.rockymountaingetaways.com,99%,<1%,<1%,0%,<1%
monarchairgroup.com,98%,2%,<1%,0%,<1%
incaexpert.com,98%,2%,0%,0%,0%
passports.com,98%,2%,0%,0%,0%
deeperafrica.com,97%,3%,0%,0%,0%
www.asaptickets.com,90%,7%,<1%,<1%,2%
aardy.com,96%,4%,<1%,<1%,<1%
www.mangotours.com,91%,5%,<1%,<1%,2%
fareobuddy.com,94%,3%,<1%,<1%,2%
directlinecruises.com,90%,6%,2%,<1%,1%
platypustours.com,92%,6%,2%,<1%,<1%
www.ski.com,93%,4%,1%,<1%,1%
mintfares.com,95%,5%,<1%,<1%,<1%
tripinsure101.com,96%,3%,<1%,<1%,<1%
enchantingtravels.com,97%,2%,<1%,<1%,<1%
cruisedirect.com,95%,4%,<1%,0%,1%
travelbusinessclass.com,94%,4%,<1%,<1%,1%
ymtvacations.com,90%,6%,2%,<1%,<1%
iflybusiness.com,94%,5%,1%,<1%,<1%
nathab.com,95%,4%,1%,<1%,<1%
www.mexipass.com,92%,6%,2%,<1%,<1%
traveldefenders.com,95%,3%,<1%,<1%,<1%
business-skies.com,93%,4%,<1%,<1%,2%
skywithclass.com,95%,3%,<1%,<1%,1%
anywhere.com,97%,3%,<1%,0%,<1%
usghostadventures.com,93%,6%,1%,<1%,<1%
saexpeditions.com,96%,3%,<1%,0%,<1%
peoplelikeus.world,96%,3%,<1%,0%,<1%
driverinrome.com,97%,3%,<1%,<1%,0%
wildlandtrekking.com,98%,2%,<1%,<1%,<1%
fivestaralliance.com,94%,3%,<1%,<1%,1%
irishtourism.com,95%,4%,<1%,<1%,<1%
onlinevacationcenter.com,95%,4%,<1%,<1%,<1%
www.cooktravel.net,87%,7%,2%,1%,3%
southernexplorations.com,93%,6%,<1%,<1%,0%
www.airdna.co,85%,4%,1%,2%,8%
travelcentre.us,96%,3%,<1%,<1%,<1%
flyluxury.com,97%,3%,<1%,<1%,<1%
www.alexanderroberts.com,91%,6%,1%,<1%,<1%
hellogov.com,93%,4%,<1%,<1%,2%
kissalaska.com,95%,3%,<1%,<1%,<1%
laurelmtnrt.com,92%,6%,2%,0%,0%
www.keytours.com,91%,6%,<1%,<1%,1%
www.thevisaandmore.com,97%,2%,0%,0%,<1%
gorealtravel.com,88%,7%,2%,<1%,2%
www.caradonna.com,92%,5%,2%,1%,<1%
eazyfares.com,95%,4%,0%,<1%,1%
www.vayaadventures.com,99%,1%,<1%,0%,0%
mtsobek.com,92%,4%,<1%,<1%,2%
www.lonestartransfer.com,98%,1%,0%,0%,<1%
discoveryvoyages.com,98%,2%,0%,0%,0%
paramountbusinessjets.com,94%,4%,<1%,<1%,<1%
paddlemarco.com,97%,2%,1%,<1%,0%
ciaoitalytours.com,89%,7%,2%,<1%,1%
visahero.com,99%,<1%,<1%,0%,0%
omahafares.com,98%,1%,0%,0%,<1%
cruisehub.com,96%,3%,0%,1%,<1%
viptraveler.com,98%,2%,0%,0%,0%
theflightsboss.com,98%,2%,0%,0%,<1%
www.travelous.com,95%,5%,0%,0%,0%
vayubooking.com,100%,<1%,0%,0%,<1%
colonialghosts.com,94%,5%,0%,1%,0%
mystyachtcharters.com,95%,4%,<1%,<1%,0%
andeandiscovery.com,92%,4%,2%,0%,2%
privatejetcardcomparisons.com,93%,4%,2%,<1%,<1%
givevolunteers.org,96%,2%,1%,1%,0%
findbusinessclass.com,97%,2%,0%,0%,1%
cobaltcorporatetravel.com,99%,<1%,0%,0%,0%
loyaltyworld.ca,100%,0%,0%,0%,0%
www.vipfares.com,98%,<1%,0%,0%,<1%
bambatravel.com,98%,<1%,<1%,0%,0%
coolkeywest.com,96%,3%,<1%,0%,0%
www.skyluxtravel.com,90%,7%,<1%,<1%,2%
newarklongtermparking.com,85%,10%,3%,1%,1%
airparkparking.com,88%,7%,2%,1%,2%
dayuse.com,85%,8%,2%,<1%,4%
myticketstoindia.com,90%,6%,<1%,<1%,3%
visitorscoverage.com,85%,10%,2%,<1%,2%
passportvisasexpress.com,89%,7%,2%,<1%,<1%
americancruiselines.com,83%,12%,2%,1%,2%
www.maverickhelicopter.com,91%,4%,2%,<1%,2%
canyoncoolers.com,91%,6%,2%,<1%,<1%
www.wanderu.com,89%,6%,<1%,<1%,4%
harvesthosts.com,86%,9%,2%,<1%,2%
travelvisapro.com,89%,6%,2%,1%,2%
shipgo.com,89%,6%,2%,1%,2%
topbusinessclass.com,91%,6%,<1%,<1%,2%
affordabletours.com,88%,7%,2%,1%,2%
shipskis.com,89%,5%,2%,1%,3%
thetourguy.com,87%,6%,2%,1%,4%
kensingtontours.com,92%,3%,<1%,1%,3%
www.airbusinessclass.com,95%,2%,<1%,<1%,3%
theinfinitytravel.com,93%,2%,<1%,<1%,4%
beachreunion.com,85%,9%,4%,1%,<1%
portugalgetaways.com,81%,15%,2%,1%,1%
buybusinessclass.com,92%,5%,<1%,<1%,1%
www.visitorsinsurance.com,86%,9%,2%,<1%,2%
themilesmarket.com,91%,4%,<1%,<1%,4%
above9.travel,93%,4%,<1%,<1%,2%
wholesale-flights.com,94%,3%,<1%,1%,2%
businessclassguru.com,91%,5%,1%,<1%,2%
classicjourneys.com,94%,4%,<1%,<1%,<1%
tripmasters.com,77%,8%,2%,<1%,12%
www.adventure-life.com,92%,4%,<1%,1%,2%
packupgo.com,87%,9%,3%,<1%,<1%
www.houfy.com,91%,4%,<1%,<1%,3%
mapotapo.com,82%,12%,4%,<1%,<1%
budgetelitetravel.com,93%,4%,<1%,<1%,2%
fly.business,92%,6%,<1%,<1%,2%
ceoflights.com,92%,4%,2%,<1%,1%
triptogo.com,88%,8%,2%,<1%,1%
businessfirstinternational.com,92%,1%,<1%,0%,6%
tcsworldtravel.com,95%,4%,<1%,<1%,<1%
cooldestinations.com,89%,4%,<1%,<1%,5%
knittingtours.com,95%,4%,0%,0%,1%
exclusivebusinessclass.com,96%,<1%,1%,0%,2%
avisaservices.com,95%,3%,0%,0%,2%
civilwarghosts.com,91%,7%,<1%,0%,<1%
salemghosts.com,93%,6%,<1%,0%,0%
baboo.travel,92%,4%,3%,<1%,0%
shipsticks.com,87%,6%,3%,1%,3%
www.homeexchange.com,82%,8%,4%,2%,4%
globusjourneys.com,78%,16%,3%,<1%,2%
business-class.com,89%,5%,<1%,<1%,4%
onestopparking.com,84%,8%,2%,1%,5%
spotpet.com,84%,6%,2%,2%,6%
uplift.com,87%,6%,1%,<1%,5%
luggagefree.com,87%,7%,2%,1%,3%
flycheapestonline.com,90%,5%,<1%,<1%,4%
paylatertravel.com,88%,5%,1%,<1%,5%
www.roamright.com,73%,11%,4%,3%,9%
www.boatsetter.com,87%,4%,1%,1%,7%
altostravel.com,87%,7%,<1%,<1%,4%
www.mauiactivities.com,83%,10%,4%,1%,2%
peonytours.com,68%,24%,6%,1%,1%
businessclassconsolidator.com,85%,6%,3%,1%,5%
thrivetravel.com,90%,5%,<1%,<1%,3%
www.stitch.net,80%,11%,3%,2%,4%
go-koala.com,85%,8%,3%,1%,3%
explorerventures.com,85%,9%,4%,1%,1%
trovatrip.com,83%,10%,1%,1%,5%
gofastpass.com,89%,5%,1%,2%,3%
mysteryvacations.com,83%,11%,2%,<1%,3%
happyadventurers.com,86%,11%,2%,<1%,0%
rusticpathways.com,76%,6%,1%,2%,15%
cruisebound.com,93%,2%,<1%,0%,4%
goosecreekrvpark.com,85%,10%,3%,1%,<1%
www.vegas.com,75%,14%,5%,2%,4%
newyorkpass.com,64%,23%,7%,3%,3%
ourbus.com,72%,12%,5%,3%,8%
www.blueridgerentals.com,83%,10%,4%,2%,1%
maya.net,81%,9%,3%,2%,5%
www.elifelimo.com,83%,6%,2%,2%,7%
www.redweek.com,82%,7%,4%,2%,5%
vacationsbyrail.com,82%,10%,3%,2%,3%
urbanadventurequest.com,67%,24%,6%,2%,<1%
monsterrg.com,89%,3%,1%,<1%,6%
efexploreamerica.com,71%,15%,8%,3%,3%
arangrant.com,90%,2%,<1%,<1%,7%
www.kauaiexclusive.com,78%,14%,5%,2%,1%
spareroom.com,82%,10%,2%,<1%,5%
tripster.com,84%,5%,2%,1%,8%
cashformymiles.com,92%,5%,<1%,<1%,2%
knackbags.com,87%,7%,3%,1%,2%
hawaiitours.com,83%,7%,4%,1%,5%
friasproperties.com,77%,12%,7%,2%,2%
acis.com,83%,8%,1%,1%,7%
ritztours.com,66%,21%,9%,2%,2%
gocamp.com,81%,7%,6%,4%,2%
hostfully.com,88%,2%,1%,2%,7%
www.eftours.com,67%,16%,7%,3%,7%
www.trustedhousesitters.com,90%,4%,1%,<1%,4%
www.wisecars.com,75%,13%,2%,1%,9%
www.cheapair.com,82%,10%,2%,1%,5%
rightwayparking.com,74%,9%,3%,2%,12%
fareboom.com,77%,7%,2%,2%,12%
airparks.de,72%,13%,6%,3%,6%
expertosenvuelo.com,89%,4%,<1%,<1%,6%
cosmos.com,68%,21%,6%,2%,3%
affordableworld.com,72%,18%,6%,2%,2%
thetopvillas.com,78%,7%,2%,2%,11%
guesty.com,85%,4%,2%,1%,8%
going.com,78%,9%,5%,4%,4%
poseidonexpeditions.com,87%,9%,1%,1%,2%
travelcompendium.com,75%,12%,5%,3%,5%
www.gohagantravel.com,72%,18%,6%,2%,2%
www.thirdhome.com,78%,7%,3%,4%,8%
migrationusa.co,71%,20%,5%,<1%,3%
vagamo.com,79%,12%,0%,<1%,8%
www.viator.com,72%,9%,4%,3%,12%
ivisa.com,80%,10%,2%,1%,7%
super.com,79%,7%,1%,<1%,12%
omio.com,74%,7%,2%,2%,15%
parken-und-fliegen.de,71%,12%,6%,3%,8%
travelopick.com,77%,11%,2%,1%,9%
kimkim.com,83%,10%,3%,1%,3%
timesharesonly.com,71%,16%,4%,1%,8%
gocity.com,64%,17%,7%,4%,8%
bigbearcoolcabins.com,63%,17%,10%,5%,5%
athotel.com,78%,10%,3%,2%,7%
furnishedquarters.com,62%,21%,8%,3%,6%
holidu.co.uk,65%,19%,6%,2%,8%
hotelsbyday.com,74%,9%,5%,2%,10%
whimstay.com,76%,4%,3%,1%,16%
justfly.com,71%,16%,3%,2%,8%
www.airportparkingreservations.com,76%,11%,4%,2%,7%
headout.com,72%,11%,1%,<1%,15%
www.cheapoair.com,70%,10%,3%,3%,14%
worldstrides.com,58%,19%,11%,6%,6%
cheapflightsfares.com,71%,13%,3%,2%,11%
govassist.com,71%,8%,2%,2%,17%
www.misterbandb.com,68%,14%,6%,4%,8%
ratepunk.com,69%,10%,3%,3%,15%
laytrip.com,69%,5%,4%,1%,21%
almadinahtravels.com,78%,5%,<1%,0%,16%
www.allianztravelinsurance.com,73%,6%,3%,2%,16%
parksleepfly.com,67%,14%,6%,3%,10%
greatvaluevacations.com,52%,24%,12%,5%,7%
mytransfers.com,71%,7%,3%,3%,16%
easemytrip.com,66%,11%,2%,2%,19%
www.hipcamp.com,79%,11%,3%,2%,5%
www.onetravel.com,67%,12%,4%,3%,14%
www.theblueground.com,67%,9%,2%,2%,20%
schengenflightreservationvisa.com,78%,7%,2%,<1%,13%
bus.com,66%,15%,5%,3%,11%
hospitable.com,85%,9%,2%,1%,3%
getawaydealz.com,61%,12%,7%,4%,16%
ratehawk.com,61%,17%,0%,2%,20%
www.vacatia.com,65%,14%,7%,5%,9%
faresjourney.com,70%,10%,0%,0%,20%
flighthub.com,64%,20%,4%,2%,10%
flyus.com,59%,17%,9%,3%,12%
www.passportsandvisas.com,81%,7%,3%,2%,7%
www.flightsmojo.com,77%,11%,2%,1%,9%
viajaralmundo.com,70%,9%,2%,2%,17%
vacationwiser.com,81%,7%,3%,2%,7%
lettingsaway.com,72%,7%,2%,0%,19%
friendshiptours.com,83%,5%,3%,3%,6%
www.smartfares.com,63%,18%,8%,2%,9%
reservationcounter.com,58%,16%,8%,5%,13%
www.outdoorsy.com,76%,11%,5%,2%,6%
reservationdesk.com,68%,13%,4%,2%,13%
www.hotelplanner.com,65%,6%,3%,3%,23%
farehutz.us,70%,5%,3%,<1%,21%
ebooktrip.com,66%,7%,3%,3%,21%
globalairportparking.com,76%,14%,4%,2%,4%
redawning.com,53%,13%,7%,5%,22%
webstaurantstore.com,52%,8%,9%,7%,24%
explorica.com,51%,19%,9%,5%,16%
navan.com,55%,12%,2%,2%,29%
booksi.com,58%,14%,5%,3%,20%
underpricer.com,54%,3%,<1%,2%,40%
rushmypassport.com,77%,4%,2%,1%,16%
www.bwjagents.com,58%,4%,2%,<1%,35%
budgetair.com/en_us,53%,9%,4%,4%,30%
redcoachusa.com,48%,14%,10%,7%,21%
travelpro.com,46%,5%,4%,5%,40%
jacksflightclub.com,43%,6%,6%,4%,41%
skylinetravelexpress.com,42%,<1%,0%,0%,57%
www.bravofly.com,33%,14%,5%,5%,43%
icruise.com,87%,6%,2%,<1%,4%
wearlively.com,42%,11%,13%,12%,22%
fbctravels.com,57%,8%,2%,1%,32%
www.gotogate.com,35%,17%,9%,7%,32%
hutchgo.com,12%,3%,2%,<1%,83%
britishpassportpro.com,98%,2%,<1%,<1%,<1%
traveloffthebeatenpath.com,89%,9%,<1%,<1%,<1%
experienceittours.com,92%,7%,1%,0%,0%
www.visasupply.com,99%,1%,0%,<1%,<1%
triparies.com,98%,2%,<1%,0%,<1%
kuodatravel.com,99%,<1%,0%,0%,<1%
www.fareocity.com,99%,<1%,0%,0%,<1%
yampu.com,93%,6%,0%,<1%,<1%
apvi.com,97%,1%,<1%,<1%,<1%
pacific-for-less.com,99%,1%,<1%,0%,0%
www.alibabacabs.co.uk,100%,<1%,0%,0%,<1%
africansafaris.com,99%,1%,0%,0%,0%
tomtours.com,89%,6%,2%,1%,2%
www.mozio.com,95%,<1%,<1%,<1%,4%
indianeagle.com,95%,3%,<1%,<1%,2%
travelopod.com,90%,6%,<1%,<1%,3%
wowfare.com,94%,3%,<1%,<1%,3%
tripbeam.com,91%,5%,<1%,<1%,4%
rushpassport.com,94%,4%,<1%,<1%,<1%
www.zicasso.com,98%,1%,<1%,<1%,<1%
flightcentreindependent.co.za,97%,2%,0%,0%,<1%
faretoindia.com,98%,1%,0%,0%,<1%
ftlotravel.com,96%,4%,<1%,<1%,<1%
pavlus.com,95%,4%,<1%,<1%,<1%
weedbusla.com,98%,2%,<1%,<1%,0%
quasarex.com,96%,3%,<1%,<1%,<1%
www.busbank.com,84%,9%,4%,2%,1%
www.travelslake.com,96%,2%,0%,<1%,2%
thepassportoffice.com,86%,7%,2%,2%,3%
www.americaisraeltours.com,88%,8%,3%,<1%,<1%
thepointstrader.com,99%,<1%,0%,0%,<1%
floridarentals.com,98%,<1%,<1%,0%,<1%
yesfares.com,98%,2%,0%,0%,<1%
airtripmasters.com,97%,3%,<1%,0%,<1%
umetravel.com,96%,3%,<1%,0%,0%
golfzoo.com,76%,19%,3%,1%,1%
haloflights.us,96%,2%,0%,0%,2%
business-tickets.com,98%,1%,0%,<1%,<1%
bespokeindiatravel.co.uk,98%,2%,0%,<1%,<1%
www.strollercare.com,100%,<1%,<1%,0%,0%
www.veloguide.com,94%,5%,<1%,0%,<1%
fly2globe.com,98%,2%,0%,0%,0%
osiristours.com,99%,<1%,0%,0%,<1%
artinvoyage.com,99%,1%,0%,0%,0%
www.derbybox.com,81%,6%,4%,4%,5%
documitra.com,99%,1%,0%,0%,<1%
magneticnorthtravel.com,95%,5%,<1%,0%,0%
www.downunderendeavours.com,96%,1%,<1%,1%,<1%
discoveringireland.com,97%,3%,<1%,0%,0%
moroccotours.org,95%,4%,<1%,0%,0%
gorillasafaricompany.com,95%,5%,<1%,0%,0%
www.kidmoto.taxi,87%,8%,3%,1%,<1%
accessfares.com,95%,4%,<1%,0%,<1%
aiyrepacific.com,94%,6%,0%,0%,0%
www.jamaicantreasures.com,92%,7%,<1%,0%,0%
picturethemagic.com,98%,2%,0%,0%,<1%
oasischinavisa.com,94%,5%,<1%,0%,<1%
bookbigsky.com,95%,4%,1%,0%,0%
www.daceyscornishtours.com,99%,1%,0%,0%,0%
blackride.com,98%,<1%,0%,<1%,1%
adayinlatours.com,95%,5%,0%,0%,0%
inaraft.com,91%,5%,2%,<1%,<1%
bookotrip.com,82%,4%,0%,0%,14%
jaywaytravel.com,97%,1%,0%,<1%,1%
luxflight.com,94%,5%,<1%,0%,0%
www.authenticireland.com,98%,1%,<1%,0%,0%
swaindestinations.com,94%,6%,0%,0%,0%
eleventhstreettravel.com,100%,0%,0%,0%,0%
www.tropicalbirding.com,87%,8%,4%,0%,<1%
fsguides.com,99%,1%,0%,0%,0%
bookflyus.com,90%,9%,0%,0%,1%
stonehillcottages.com,97%,3%,0%,0%,0%
culturalislandtravel.com,97%,1%,1%,<1%,0%
alwayscroatia.com,99%,<1%,0%,0%,0%
www.explorient.com,94%,5%,<1%,0%,0%
www.ask-aladdin.com,91%,7%,2%,0%,0%
www.adventurescroatia.com,96%,2%,<1%,0%,<1%
www.via-croatia.com,99%,<1%,0%,0%,0%
spectatetravel.co.uk,94%,6%,0%,0%,0%
vomos.com,98%,<1%,0%,0%,<1%
eatours.com,87%,9%,2%,<1%,<1%
bookflightickets.com,97%,2%,0%,0%,<1%
athletesusa.org,95%,5%,0%,0%,0%
www.flotours.com,71%,14%,7%,3%,5%
humpbackswims.com,97%,2%,0%,0%,<1%
vfsglobal.co.uk,94%,5%,<1%,<1%,1%
kingdomstrollers.com,92%,5%,2%,<1%,<1%
panoramatours.com,84%,11%,3%,1%,<1%
www.diverightinscuba.com,88%,6%,3%,1%,2%
www.crystaltravel.us,82%,7%,2%,1%,8%
www.pitstopparking.com,85%,8%,4%,2%,1%
price4limo.com,88%,4%,<1%,<1%,6%
pnf.com,87%,5%,3%,2%,3%
limehome.com,89%,8%,<1%,<1%,3%
www.vacationscostarica.com,92%,6%,2%,<1%,<1%
flybackindia.com,87%,8%,<1%,<1%,4%
lodgify.com,89%,3%,<1%,<1%,6%
cheapticketsdeal.com,86%,8%,1%,<1%,5%
midwayprf.com,91%,5%,2%,<1%,<1%
pilgrimtours.com,93%,6%,<1%,<1%,<1%
aviatorgear.com,80%,11%,5%,2%,2%
adventuresonthegorge.com,89%,7%,2%,1%,<1%
www.snowpak.com,94%,4%,<1%,<1%,<1%
faretrolley.com,93%,4%,<1%,<1%,2%
www.traveladvantage.com,92%,4%,<1%,<1%,3%
hiskipper.com,94%,4%,<1%,<1%,<1%
easyeta.com,86%,10%,2%,<1%,2%
www.summerinitaly.com,97%,2%,0%,<1%,<1%
booktickets2india.com,93%,4%,<1%,<1%,2%
redumbrellaholidays.com,92%,4%,<1%,0%,3%
flyworldclass.com,94%,3%,1%,<1%,2%
remoteyear.com,86%,5%,2%,2%,5%
flyer-club.com,93%,4%,<1%,<1%,3%
fivestarairways.com,97%,2%,0%,0%,1%
timesharespecialists.com,88%,10%,1%,<1%,<1%
luxetribes.com,93%,5%,<1%,<1%,2%
fantasticfare.com,94%,3%,<1%,<1%,2%
sanibelislandvacations.com,91%,6%,2%,<1%,<1%
onwardticket.com,91%,4%,2%,<1%,2%
barankulclinic.com,97%,<1%,<1%,<1%,<1%
travelallrussia.com,86%,11%,1%,<1%,1%
imagetours.com,86%,10%,1%,<1%,3%
thefaremasters.com,96%,3%,<1%,0%,1%
flybusinessforless.com,92%,4%,<1%,0%,3%
fly8ma.com,91%,7%,2%,<1%,<1%
worldpathtravel.com,94%,5%,<1%,0%,1%
valalto.com,94%,3%,0%,0%,3%
travelogate.com,96%,3%,0%,0%,<1%
10xbnb.com,98%,<1%,0%,0%,1%
redwoodcoastvacationrentals.com,89%,9%,<1%,<1%,<1%
staysojo.com,87%,8%,3%,<1%,<1%
www.thefxcompany.co.uk,98%,1%,0%,0%,<1%
www.seathecity.com,91%,3%,3%,0%,3%
www.businesstravel365.com,94%,3%,<1%,0%,2%
prestigeride.com,96%,1%,1%,0%,2%
www.flyoseas.com,97%,1%,0%,0%,2%
goodlifeexpeditions.com,89%,9%,<1%,<1%,0%
insuremytrip.com,89%,7%,0%,<1%,3%
snowventures.com,92%,7%,0%,<1%,0%
flyvagarybusiness.com,92%,4%,2%,0%,2%
makrealty.com,98%,0%,0%,0%,2%
pteet.com,87%,6%,3%,<1%,3%
indian-evisa.org,95%,0%,<1%,0%,4%
www.festivalpros.com,92%,5%,<1%,2%,0%
summitcove.com,76%,14%,2%,6%,2%
moderndestinationweddings.com,94%,0%,<1%,2%,3%
www.2mycountry.com,90%,8%,0%,0%,2%
goaskalocal.com,98%,0%,0%,<1%,<1%
uptheskies.com,97%,<1%,0%,0%,2%
www.extranomical.com,74%,15%,6%,3%,2%
www.citypass.com,88%,10%,1%,<1%,<1%
ezeeflights.com,88%,7%,<1%,<1%,4%
russiantrains.com,77%,18%,3%,1%,1%
cheapfaremart.com,88%,5%,<1%,<1%,6%
shopmoment.com,92%,3%,<1%,<1%,3%
sunrealtync.com,69%,23%,6%,<1%,<1%
lastfaredeals.com,87%,5%,1%,<1%,7%
letsroam.com,83%,11%,2%,<1%,3%
avantstay.com,85%,8%,<1%,<1%,5%
avalonwaterways.com,85%,8%,3%,<1%,3%
handyvisas.com,83%,11%,<1%,<1%,4%
limos4less.com,96%,3%,<1%,<1%,<1%
firebirdtours.com,87%,8%,3%,<1%,1%
travolie.com,79%,8%,1%,<1%,11%
villatel.com,79%,15%,3%,1%,2%
allseasonsresortlodging.com,76%,18%,4%,1%,1%
tombarefoot.com,87%,7%,2%,1%,3%
flightsbird.com,82%,8%,1%,<1%,8%
myticketdeal.com,90%,4%,<1%,<1%,5%
www.railbookers.co.uk,77%,5%,3%,4%,11%
discountlift.rentals,91%,4%,1%,1%,3%
flightsandpackages.com,63%,13%,1%,<1%,23%
flyvagary.com,89%,7%,<1%,<1%,3%
globusfaith.com,72%,22%,5%,<1%,<1%
www.travelmerry.com,80%,4%,<1%,0%,15%
sundancevacations.com,70%,12%,7%,4%,7%
jetnsave.com,89%,9%,<1%,<1%,<1%
fijivacations.com,91%,3%,3%,<1%,2%
languageinternational.com,80%,6%,<1%,<1%,13%
wildernesstravel.com,94%,5%,0%,0%,1%
emiratesvacations.com/us_en,85%,7%,0%,0%,8%
efultimatebreak.com,77%,2%,2%,2%,17%
jwrv.com,89%,1%,2%,1%,7%
voetbaltrips.com,86%,8%,<1%,<1%,4%
cheapparkfly.com,80%,10%,4%,<1%,5%
ekytestravel.com,93%,5%,0%,0%,2%
suitehomechicago.com,82%,13%,5%,0%,0%
espiritutraveltocuba.com,87%,11%,1%,<1%,0%
wanderfulholidays.com,88%,9%,<1%,<1%,<1%
savacations.com,88%,6%,<1%,2%,3%
thejerseyflights.com,93%,2%,0%,0%,5%
vietnamvisa.govt.vn,85%,3%,3%,<1%,8%
firstflytravel.com,84%,2%,0%,0%,14%
culturalitaly.com,91%,6%,<1%,0%,2%
flashcoast.com,87%,8%,3%,<1%,<1%
fastpassportcenter.com,87%,3%,<1%,2%,7%
www.zegrahm.com,82%,7%,10%,0%,<1%
bookmytravelin.com,89%,5%,0%,0%,6%
www.expressoparking.com,80%,12%,4%,2%,2%
www.hotelsone.com,69%,16%,4%,2%,9%
justairticket.com,64%,16%,4%,4%,12%
bivvy.com,85%,8%,3%,1%,3%
inspirock.com,66%,25%,6%,2%,1%
www.cunard.com,68%,12%,4%,3%,13%
fareshope.com,92%,4%,<1%,<1%,3%
unitedairportparking.com,68%,14%,6%,4%,8%
edestinos.com.mx,80%,14%,2%,<1%,3%
patriotgetaways.com,80%,12%,3%,1%,4%
redeemvacations.com,81%,13%,2%,<1%,4%
www.traveler-assistance.com,83%,7%,<1%,<1%,10%
nextvacay.com,72%,8%,7%,4%,9%
airtripmaker.com,77%,7%,1%,<1%,14%
motopress.com,90%,4%,<1%,<1%,6%
click2refund.com,90%,3%,<1%,<1%,5%
rushmytravelvisa.com,91%,4%,<1%,0%,4%
neattravels.com,88%,5%,<1%,0%,7%
worldpackers.com,86%,2%,<1%,1%,10%
skyhikes.com,89%,3%,<1%,0%,8%
tablethotels.com,87%,6%,2%,1%,4%
trippact.com,86%,11%,0%,<1%,2%
takeabreaktravel.com,91%,3%,0%,0%,6%
skydaytravel.com,83%,6%,0%,0%,11%
dummyticket247.com,87%,5%,1%,<1%,7%
www.cheapflightsfreak.com,83%,7%,<1%,<1%,8%
tourcruiser.com,91%,3%,1%,0%,5%
santanaadventures.com,84%,5%,2%,<1%,8%
charterflightgroup.com,87%,4%,3%,<1%,5%
goflyfirst.com,92%,4%,1%,<1%,2%
flysky9.com,86%,2%,<1%,0%,11%
paylatertickets.com,82%,13%,0%,0%,5%
www.vacationroost.com,74%,10%,7%,5%,4%
vfsgloble.com,90%,3%,<1%,<1%,5%
all-travel.com,93%,3%,3%,0%,<1%
airtkt.com,64%,21%,9%,2%,4%
latinofare.com,69%,21%,6%,1%,3%
jiffynewark.com,75%,13%,5%,3%,4%
redbeamgarage.com,80%,12%,4%,2%,2%
sportys.com,81%,8%,4%,2%,5%
jiffyjfk.com,77%,12%,5%,3%,3%
cookly.me,84%,11%,2%,1%,2%
www.flyopedia.com,87%,7%,<1%,<1%,5%
myflyyatra.com,81%,9%,<1%,<1%,9%
www.flightforall.com,72%,9%,1%,<1%,17%
flynfare.com,86%,2%,<1%,0%,12%
www.naturalretreats.com,84%,4%,<1%,<1%,10%
qtrip.com,87%,4%,2%,<1%,6%
www.roamingmood.com,85%,5%,<1%,0%,9%
helloholt.com,91%,3%,<1%,0%,5%
bokun.io,78%,5%,<1%,1%,16%
flightsfairy.com,80%,11%,3%,0%,6%
tokeet.com,77%,9%,3%,1%,10%
sellmymiles.com,96%,1%,0%,0%,3%
crownetravels.com,89%,1%,<1%,<1%,8%
www.skytrend.us,75%,12%,6%,<1%,6%
tourhero.com,76%,8%,8%,3%,5%
travelner.com,88%,6%,3%,0%,3%
rewardstock.com,88%,7%,<1%,0%,4%
skiesarebusiness.com,83%,6%,2%,<1%,8%
cheapfareguru.com,67%,19%,7%,2%,5%
hop2.com,88%,2%,<1%,<1%,9%
hoteling.com,64%,21%,4%,2%,9%
flyodeals.com,84%,4%,1%,<1%,11%
lookbyfare.com,82%,9%,1%,<1%,7%
traveljunctionus.com,82%,12%,2%,<1%,4%
gurufare.com,95%,1%,<1%,<1%,4%
farebuzz.com,69%,11%,5%,5%,10%
www.airadvisor.com,76%,7%,2%,1%,14%
crhmaui.com,64%,22%,9%,3%,2%
morerooms.com,83%,6%,1%,<1%,10%
linguatrip.com,74%,12%,3%,3%,8%
farebarber.com,81%,5%,1%,<1%,13%
wizfairvacation.com,86%,3%,<1%,<1%,10%
vaccationtravel.com,80%,7%,2%,2%,9%
www.destinaholidays.com,74%,9%,2%,<1%,14%
claimflights.com,87%,3%,<1%,<1%,8%
reservationcentre.us,86%,2%,<1%,<1%,11%
traditiontours.com,92%,6%,<1%,0%,<1%
hajartravels.com,82%,7%,<1%,<1%,10%
www.transporthubuk.co.uk,74%,6%,<1%,<1%,19%
www.elanvacations.com,78%,10%,3%,2%,7%
vacasa.com,65%,13%,3%,2%,17%
qeeq.com,66%,12%,4%,3%,15%
visitacity.com,62%,27%,7%,2%,2%
shoreexcursionsgroup.com,73%,14%,5%,3%,5%
edestinos.cl,81%,11%,2%,<1%,5%
www.cheapbestfares.com,78%,7%,2%,1%,12%
5starhelicoptertours.com,83%,6%,3%,3%,5%
holafares.com,74%,10%,2%,<1%,14%
www.360blue.com,70%,9%,7%,5%,9%
lafetravel.com,82%,3%,<1%,<1%,14%
tours4fun.com,63%,21%,9%,2%,5%
www.travorium.com,81%,3%,<1%,<1%,15%
cia-france.com,62%,21%,8%,3%,6%
destinationweddings.com,75%,3%,0%,2%,20%
friendztravel.com,82%,4%,<1%,<1%,12%
dummyticket.com,86%,2%,<1%,0%,11%
expeditedpassportsandvisas.com,94%,1%,2%,0%,3%
domaine-prairiesdelamer.com,59%,36%,2%,2%,<1%
monaview.isagenix.com,78%,<1%,<1%,2%,19%
timestravel.com,81%,2%,<1%,0%,16%
scholartrip.com,82%,4%,2%,2%,10%
www.journeycook.com,82%,9%,3%,0%,6%
fondtravels.com,83%,2%,<1%,<1%,13%
offpeakluxury.com,71%,7%,4%,3%,15%
flywithcloud.com,78%,12%,3%,0%,7%
nicetours.net,82%,3%,<1%,<1%,13%
puntacanaadventures.com,77%,10%,2%,4%,7%
buckinghamtahoerentals.com,78%,10%,4%,5%,3%
rvshare.com,74%,9%,5%,3%,9%
fareporto.com,72%,12%,3%,<1%,12%
hellolanding.com,75%,4%,2%,2%,17%
www.incruises.com,88%,1%,<1%,<1%,10%
travelcation.us,75%,6%,2%,1%,16%
usebounce.com,75%,10%,2%,<1%,12%
flighttrotters.co.uk,75%,9%,<1%,<1%,15%
bonzah.com,80%,11%,3%,1%,5%
southamerica.travel,88%,9%,1%,<1%,2%
cruises.com,75%,6%,3%,4%,12%
superfares.com,86%,9%,<1%,<1%,5%
www.cheapvuelos.com,71%,10%,3%,<1%,15%
iqfares.com,87%,10%,<1%,1%,<1%
chinatour.com,58%,23%,10%,3%,6%
www.holidayisle.net,79%,11%,4%,3%,3%
www.loftium.com,79%,4%,1%,1%,15%
www.opinioesdevalor.com,53%,15%,10%,6%,16%
coliving.com,74%,6%,3%,2%,15%
lookupvacations.com,81%,6%,0%,<1%,12%
eightydays.me,95%,2%,0%,<1%,2%
k2tickets.com,73%,4%,<1%,<1%,21%
umrahinternational.com,83%,5%,3%,2%,7%
actiontourguide.com,84%,8%,0%,2%,6%
favisbook.com,86%,4%,4%,0%,6%
silverbreezetravels.com,92%,6%,<1%,0%,<1%
www.ardenneresidences.com,74%,6%,<1%,2%,17%
orgmytrip.com,74%,10%,5%,2%,9%
descapada.com,75%,2%,<1%,4%,18%
cheapflightnow.com,69%,19%,7%,2%,3%
ovago.com,76%,3%,<1%,<1%,19%
travoport.com,68%,13%,3%,1%,15%
travelation.com,67%,17%,7%,3%,6%
carolinaretreats.com,55%,21%,12%,7%,5%
click2book.us,73%,17%,3%,<1%,6%
www.bargainairticket.com,73%,13%,3%,1%,10%
vacationvip.com,75%,5%,2%,<1%,17%
outrageouscabins.com,76%,14%,5%,3%,2%
farecorner.com,70%,15%,3%,1%,11%
bookingreservationforvisa.com,77%,5%,2%,<1%,16%
devencer.com,59%,23%,10%,5%,3%
campings-vert-bleu.com,42%,37%,10%,6%,5%
momondo.pt,50%,33%,10%,3%,4%
www.luggagepros.com,76%,3%,4%,6%,11%
galaxyescapes.com,70%,11%,1%,<1%,18%
visit.viaresorts.com,61%,21%,3%,1%,14%
mattsflights.com,78%,3%,2%,2%,15%
cheapflightbuddy.com,69%,12%,1%,2%,16%
skitds.com,81%,12%,3%,2%,2%
militaryflighttravel.com,65%,11%,4%,2%,18%
pacificislands.com,85%,7%,4%,2%,2%
traveldocs.com,88%,8%,2%,1%,1%
alphaflightguru.com,88%,9%,1%,<1%,1%
chatdeal.com,76%,11%,2%,<1%,11%
vacationoffer.com,69%,13%,3%,<1%,14%
bookmyairtravel.com,72%,7%,2%,<1%,18%
mthigh.com,51%,23%,12%,7%,7%
olotels.com,54%,30%,5%,4%,7%
skyauction.com,68%,18%,6%,4%,4%
hotflightdeals.com,72%,7%,1%,<1%,19%
flightmover.com,61%,9%,3%,<1%,27%
travomint.com,85%,9%,<1%,<1%,6%
topflightfares.com,71%,5%,<1%,<1%,22%
travelouts.com,85%,3%,1%,<1%,10%
all-paris-apartments.com/en,59%,29%,8%,2%,2%
skytravelhub.com,76%,10%,1%,<1%,13%
www.trustfares.com,73%,8%,2%,<1%,16%
www.flyfairtravels.com,86%,<1%,<1%,<1%,12%
travelomile.com,74%,10%,1%,1%,14%
www.bookingcar-usa.com,69%,26%,<1%,<1%,3%
resortneardisney.com,56%,14%,14%,4%,12%
tarifasodeal.com,61%,14%,5%,2%,18%
www.skypark.com,75%,11%,7%,3%,4%
lodgingcompany.com,84%,12%,2%,<1%,1%
cheapdealsfare.com,70%,6%,2%,1%,21%
travodeals.us,70%,6%,4%,1%,19%
jifu.com,75%,2%,0%,<1%,22%
club1hotels.com,70%,14%,3%,<1%,13%
www.city-discovery.com,55%,11%,6%,3%,25%
www.starmarkvacationhomes.com,58%,17%,11%,7%,7%
www.priceline.com,72%,15%,4%,1%,8%
bookonline.com,56%,11%,7%,3%,23%
evolve.com,67%,6%,2%,2%,23%
travelo1.com,73%,5%,<1%,<1%,21%
www.egencia.com,61%,14%,2%,2%,21%
holidaybreakz.com,74%,10%,1%,<1%,15%
fastportpassport.com,90%,4%,<1%,<1%,4%
flightsnest.com,76%,9%,2%,<1%,12%
newtongrouptransfers.com,83%,11%,2%,<1%,4%
bestof-hawaii.com,79%,8%,4%,2%,7%
farebubble.com,73%,11%,2%,1%,13%
lowfaretravel.com,94%,4%,<1%,0%,2%
bestfaredeal.com,68%,9%,2%,<1%,20%
reservationclubs.com,81%,6%,0%,<1%,12%
bookingace.com,67%,3%,<1%,<1%,28%
lowfarebuddy.com,67%,9%,1%,3%,20%
parkrideflyusa.com,76%,11%,5%,3%,5%
experiencetheride.com,68%,13%,7%,5%,7%
reunionvacationhomes.com,52%,18%,10%,6%,14%
travelodaddy.com,79%,7%,1%,2%,11%
laxride.net,65%,4%,2%,3%,26%
triphobo.com,73%,18%,4%,2%,3%
shivatravel.com,66%,12%,3%,1%,18%
mayfairhotelsupply.com,72%,9%,4%,2%,13%
beyondfares.com,69%,7%,1%,<1%,22%
firstclassflyer.com,79%,16%,3%,1%,1%
travoman.com,69%,6%,0%,0%,25%
turnkeyvr.com,55%,12%,3%,1%,29%
foggyfly.com,50%,13%,6%,2%,29%
www.bestairfares.com,77%,10%,2%,<1%,10%
auntiebelhams.com,92%,5%,1%,<1%,<1%
virginvoyages.com,46%,9%,7%,8%,30%
inteletravel.com,55%,3%,<1%,1%,40%
www.clubvillamar.com,65%,13%,<1%,3%,19%
arrowheadretreats.com,55%,10%,11%,11%,13%
travelopedia.co.uk,49%,5%,<1%,1%,44%
hellovacay.com,59%,5%,8%,8%,20%
flightfaredeals.com,52%,4%,2%,<1%,41%
cubacenter.com,66%,0%,0%,0%,34%
www.way.com,71%,17%,6%,2%,4%
fivestargulfrentals.com,65%,17%,8%,4%,6%
golastminute.com,44%,17%,11%,9%,19%
www.esky.eu,60%,10%,2%,<1%,28%
adamvacations.com,63%,5%,1%,1%,30%
www.luggageonline.com,82%,6%,3%,2%,7%
aerlingusvacationstore.com,54%,22%,15%,3%,6%
riyatravels.com,81%,9%,3%,<1%,6%
faresplanet.com,72%,5%,0%,0%,23%
spot2nite.com,56%,10%,10%,6%,18%
globaltraveler.us.com,56%,7%,<1%,2%,34%
www.greyhound.com,54%,10%,4%,3%,29%
resortpass.com,74%,10%,5%,3%,8%
www.tripadvisor.jp,35%,49%,13%,2%,1%
flightschannel.com,69%,11%,2%,<1%,17%
bookingbargains.com,65%,18%,6%,2%,9%
www.flightsbank.com,86%,8%,<1%,<1%,4%
hometogo.com,52%,12%,1%,3%,32%
www.yourgolfpackage.com,84%,10%,3%,<1%,2%
cheapairportparking.org,74%,5%,2%,3%,16%
www.skiplagged.com,74%,7%,2%,2%,15%
www.onedollarfly.com,52%,12%,6%,2%,28%
yallatours.com,87%,9%,3%,<1%,1%
worldventures.com,76%,2%,<1%,2%,19%
www.iberostar.com,44%,11%,9%,7%,29%
roomertravel.com,32%,4%,<1%,1%,63%
cibt.com,45%,8%,3%,4%,40%
autorentals.com,59%,4%,3%,2%,32%
splittytravel.com,63%,6%,3%,2%,26%
vacationexpress.com,54%,17%,9%,6%,14%
nustay.com,64%,11%,4%,2%,19%
www.tripbase.com,41%,24%,15%,9%,11%
fareodaddy.com,53%,5%,3%,<1%,38%
smartcruiser.com,85%,7%,4%,<1%,3%
billabook.com,49%,6%,3%,4%,38%
gotoflyer.com,65%,6%,<1%,<1%,28%
www.thousandhills.com,79%,13%,4%,2%,2%
official-esta.com,76%,3%,0%,0%,21%
wallypark.com,58%,14%,10%,7%,11%
flyawayparking.com,69%,9%,8%,6%,8%
rail.ninja,58%,8%,3%,3%,28%
tripfur.com,81%,7%,<1%,<1%,12%
www.tripadvisor.in,71%,26%,2%,<1%,1%
dollarflightclub.com,56%,5%,<1%,2%,36%
treasurerealty.com,81%,9%,1%,3%,6%
parkingaccess.com,66%,9%,5%,3%,17%
www.lumiwings.com,48%,3%,<1%,2%,46%
malmaison.com,42%,9%,5%,9%,35%
www.journey-masters.com,46%,5%,2%,<1%,46%
exploretrip.com,58%,15%,5%,2%,20%
jettly.com,54%,5%,3%,5%,33%
momondo.it,61%,25%,7%,3%,4%
similarworlds.com,45%,18%,9%,7%,21%
hotelrunner.com,89%,2%,0%,<1%,8%
www.transavia.com,32%,12%,7%,6%,43%
carolinacabinrentals.com,88%,4%,1%,<1%,6%
www.trawickinternational.com,66%,4%,1%,<1%,28%
frenchbee.com,22%,8%,2%,5%,63%
www.optiontown.com,53%,13%,2%,2%,30%
gate1travel.com,31%,7%,9%,8%,45%
hurtigruten.com,22%,7%,7%,15%,49%
www.nexion.com,82%,13%,3%,<1%,2%
flightfarehub.com,69%,7%,1%,1%,22%
beneplace.com,40%,2%,9%,10%,39%
www.claytonhotels.com,42%,7%,4%,5%,42%
myflightmart.com,69%,10%,0%,<1%,20%
amigo-us.com,55%,17%,12%,7%,9%
flightguru.com,57%,11%,4%,2%,26%
www.cuballama.com,42%,2%,4%,1%,51%
eaglerider.com,65%,2%,2%,3%,28%
flyhacks.com,51%,5%,2%,2%,40%
www.airfrance.us,56%,12%,8%,6%,18%
abildkro.dk,38%,21%,3%,7%,31%
www.forbiser.com,74%,10%,0%,2%,14%
esky.com,49%,11%,3%,3%,34%
hotelwiz.com,59%,17%,8%,2%,14%
tripshock.com,83%,9%,3%,2%,3%
farebuddies.com,44%,10%,2%,2%,42%
www.orukayak.com,44%,8%,7%,15%,26%
guestreservations.com,63%,13%,6%,3%,15%
bluesunvacations.com,91%,6%,<1%,<1%,1%
www.fattiretours.com,84%,10%,4%,1%,1%
fakeflighttickets.com,80%,2%,<1%,1%,16%
airfarenetwork.com,45%,9%,3%,2%,41%
www.cruisemiles.com,75%,3%,0%,<1%,21%
www.sky-tours.com,53%,18%,7%,4%,18%
taketours.com,11%,7%,5%,10%,67%
hawaiiactivities.com,88%,10%,2%,<1%,<1%
www.citywonders.com,40%,6%,2%,2%,50%
trafalgar.com,17%,3%,9%,17%,54%
www.galahotels.com,39%,25%,11%,5%,20%
flywithclass.com,85%,9%,2%,<1%,4%
www.patagonia.com,31%,3%,4%,8%,54%
timesharecompliance.com,61%,15%,8%,5%,11%
easymytrip.com,85%,10%,<1%,0%,4%
1800flyeurope.com,77%,16%,2%,2%,3%
lola.com,70%,12%,6%,5%,7%
www.meredithlodging.com,30%,2%,5%,8%,55%
www.blueribbonbags.com,37%,<1%,<1%,0%,61%
happyrooms.com,31%,5%,7%,8%,49%
www.cardelmar.com,57%,21%,9%,4%,9%
www.furnishedfinder.com,61%,2%,2%,3%,32%
budgetair.lv,18%,9%,1%,4%,68%
momondo.se,58%,22%,6%,1%,13%
www.smartlynx.aero,23%,13%,4%,5%,55%
alaskacruises.com,81%,9%,4%,2%,4%
doubletree.com,34%,9%,4%,12%,41%
portmantos.com,84%,5%,1%,1%,9%
primadrive.com,76%,8%,0%,<1%,15%
www.bangkokair.com,32%,10%,5%,3%,50%
dreamtrips.com,85%,3%,0%,0%,12%
hiexpress.com,25%,7%,6%,9%,53%
airfareexperts.com,34%,6%,1%,1%,58%
www.scandichotels.com,24%,5%,7%,17%,47%
faresfeed.com,64%,7%,<1%,<1%,27%
bigbearcabins.com,41%,18%,10%,14%,17%
www.budgetair.com,38%,15%,6%,4%,37%
skybooker.com,54%,11%,4%,3%,28%
studentuniverse.com,60%,11%,2%,3%,24%
www.holidayinn.com,23%,6%,4%,9%,58%
www.motel6.com,34%,4%,2%,5%,55%
bikesbooking.com,41%,4%,5%,3%,47%
puppiesnation.com,37%,0%,<1%,0%,62%
www.walksofitaly.com,63%,6%,3%,2%,26%
bookit.com,63%,16%,5%,4%,12%
tripsta.com,45%,17%,6%,6%,26%
www.singaporeair.com,21%,4%,4%,9%,62%
www.discover-airlines.com,17%,8%,4%,7%,64%
www.bestwestern.com,23%,6%,3%,11%,57%
www.visa2egypt.gov.eg,13%,7%,2%,1%,77%
unsold.com,19%,5%,3%,4%,69%
charlestoncoastvacations.com,80%,8%,7%,2%,3%
www.sandals.com,11%,4%,6%,10%,69%
www.hyatt.com,25%,6%,2%,10%,57%
parkdean-resorts.com,13%,3%,1%,5%,78%
ly.com,23%,4%,2%,2%,69%
aerolineas.com.ar,10%,4%,2%,9%,75%
reservations.com,9%,<1%,<1%,<1%,90%
brett-robinson.com,58%,17%,11%,6%,8%
bikerent.nyc,72%,12%,3%,2%,11%
blsspainvisa.com,15%,1%,<1%,2%,81%
padreescapes.com,70%,16%,9%,3%,2%
hollandamerica.com,11%,5%,8%,17%,59%
ibishotels.com,13%,5%,7%,10%,65%
www.radissonblu.com,23%,7%,5%,10%,55%
www.dreamlines.com,86%,7%,3%,1%,3%
disney.sweethomevacation.com,74%,17%,2%,1%,6%
www.cheapcaribbean.com,11%,2%,<1%,<1%,85%
hamptoninn3.hilton.com,17%,10%,6%,12%,55%
www.tripadvisor.com,55%,12%,4%,3%,26%
utovacation.com,50%,22%,7%,2%,19%
visa.vfsglobal.com,76%,4%,<1%,<1%,19%
www.southwest.com,19%,5%,3%,6%,67%
www.celebritycruises.com,15%,4%,7%,11%,63%
skyexpress.gr,14%,7%,3%,4%,72%
www.extendedstayamerica.com,20%,4%,2%,7%,67%
english.ctrip.com,16%,6%,4%,5%,69%
www.redroof.com,16%,3%,3%,6%,72%
passportrenewal.com,94%,2%,<1%,<1%,3%
skyup.aero,14%,4%,2%,3%,77%
wamosair.com,16%,6%,4%,6%,68%
book2park.com,76%,13%,2%,<1%,8%
golfthere.com,64%,19%,8%,4%,5%
www.croatiaairlines.com,16%,6%,4%,7%,67%
www.siampark.net,12%,7%,9%,10%,62%
airportvanrental.com,49%,16%,10%,9%,16%
aegeanair.com,15%,3%,2%,5%,75%
faremart.com,38%,4%,<1%,<1%,57%
algotels.com,14%,3%,2%,1%,80%
www.princess.com,8%,4%,6%,9%,73%
almundo.com,4%,1%,<1%,3%,91%
www.czechairlines.com,6%,<1%,2%,2%,89%
www.newyorksightseeing.com,31%,28%,13%,10%,18%
aconsumercredit.com,56%,3%,3%,0%,38%
aeroflot.com,21%,12%,5%,6%,56%
unitedairlines.com,14%,5%,4%,5%,72%
www.costcotravel.com,11%,<1%,5%,10%,73%
liftopia.com,17%,<1%,2%,3%,77%
www.chicos.com,17%,<1%,2%,10%,70%
www.vayama.com,49%,14%,5%,5%,27%
www.msccruisesusa.com,12%,5%,6%,10%,67%
united-airlines.com,11%,3%,2%,6%,78%
twiddy.com,87%,7%,1%,1%,4%
www.royalcaribbean.com,8%,3%,4%,10%,75%
www.thaiairways.com,9%,5%,3%,7%,76%
swoodoo.com,52%,20%,9%,5%,14%
bookvip.com,75%,4%,2%,1%,18%
westgateresorts.com,6%,5%,6%,2%,81%
www.cathaypacific.com,15%,5%,4%,6%,70%
lovevacations.com,21%,3%,1%,5%,70%
checkfelix.at,58%,18%,5%,8%,11%
cruise.com,47%,8%,3%,5%,37%
airvistara.com,11%,2%,1%,5%,81%
hiltonhotels.com,12%,5%,4%,12%,67%
momondo.fi,47%,37%,6%,3%,7%
seaworld.com,8%,3%,4%,9%,76%
unlimitedvacationclub.com,13%,2%,1%,4%,80%
www.kmmaltairlines.com,10%,5%,0%,4%,81%
www.vacationrentals.com,54%,18%,9%,5%,14%
www.radisson.com,11%,<1%,4%,6%,78%
alltrails.com,10%,2%,7%,4%,77%
us-immigrationsupport.org,5%,3%,11%,4%,77%
flyegypt.today,7%,15%,12%,5%,61%
www.tripomate.com,3%,3%,10%,4%,80%
www.qatarairways.com,12%,3%,2%,6%,77%
aaa.com,12%,<1%,<1%,3%,84%
www.flypgs.com,10%,4%,2%,3%,81%
www.delta.com,14%,5%,3%,6%,72%
jetblue.com,11%,3%,2%,3%,81%
oregonbeachvacations.com,51%,27%,13%,5%,4%
gulf-air.com,9%,3%,3%,5%,80%
farecompare.com,57%,21%,5%,4%,13%
en.dragonpass.com.cn,5%,<1%,1%,2%,91%
www.airmauritius.com,5%,2%,3%,4%,86%
www.citysightsny.com,38%,24%,12%,10%,16%
www.parkdeanholidays.co.uk,8%,2%,4%,6%,80%
www.lastminutetravel.com,4%,3%,0%,1%,92%
www.duinrell.com,1%,<1%,8%,15%,75%
cruisecheap.com,87%,3%,2%,0%,8%
arajet.com,7%,4%,2%,3%,84%
norweigan.com,13%,5%,5%,7%,70%
getaroom.com,25%,10%,10%,5%,50%
sightseeingpass.com,54%,20%,9%,5%,12%
www.austrian.com,10%,2%,1%,4%,83%
www.latam.com,7%,1%,2%,3%,87%
www.ncl.com,6%,2%,5%,11%,76%
casablancaexpress.com,93%,2%,<1%,0%,5%
flyscoot.com,8%,4%,2%,4%,82%
www.skygeek.com,54%,7%,6%,6%,27%
www.hotel.com,11%,3%,1%,3%,82%
www.choicehotels.com,11%,3%,1%,6%,79%
vacationrentalpros.com,55%,15%,4%,2%,24%
www.icelandair.com,9%,2%,2%,5%,82%
flights.flytap.com,2%,3%,2%,3%,90%
top-cruise-deals.com,42%,28%,17%,6%,7%
alaskaair.com,18%,5%,1%,6%,70%
awaze.co.uk,4%,1%,<1%,1%,93%
dxbooking.etihad.com,8%,<1%,2%,7%,82%
wyndham.com,8%,1%,4%,6%,81%
www.exito.com,8%,2%,2%,5%,83%
elitevacationhomes.com,65%,14%,7%,2%,12%
www.united.com,8%,2%,<1%,9%,80%
www.diamondresorts.com,32%,17%,13%,8%,30%
www.turkishairlines.com,9%,2%,2%,4%,83%
www.aa.com,7%,2%,2%,5%,84%
www.myflightsearch.com,62%,6%,2%,1%,29%
www.westjet.com,8%,2%,2%,4%,84%
www.spirit.com,4%,2%,1%,4%,89%
trivago.com,35%,9%,4%,4%,48%
egyptair.com,8%,5%,<1%,3%,83%
flydubai.com,17%,17%,6%,3%,57%
www.tap.pt,5%,2%,2%,2%,89%
sonder.com,6%,1%,1%,3%,89%
aeromexico.com,5%,2%,2%,3%,88%
rocketmiles.com,23%,8%,6%,4%,59%
www.carnival.com,12%,5%,3%,8%,72%
malaysiaairlines.com,5%,3%,2%,5%,85%
www.yourtravelmates.com,3%,<1%,2%,3%,91%
www.virginaustralia.com,10%,1%,1%,5%,83%
momondo.nl,54%,30%,6%,2%,8%
app.stansted-airport-parking.com,9%,<1%,<1%,2%,89%
www.superiorcruiseandtravel.com,77%,8%,4%,2%,9%
ambassadorpassportandvisa.com,75%,6%,6%,4%,9%
itrip.net,13%,<1%,0%,2%,84%
inspecto.com,84%,3%,<1%,<1%,11%
miamitourcompany.com,70%,20%,6%,2%,2%
usagco.org,4%,0%,<1%,<1%,94%
www.lan.com,5%,5%,0%,5%,85%
glampinghub.com,35%,2%,0%,2%,61%
www.vrbo.com,63%,14%,7%,4%,12%
www.wizzair.com,5%,2%,1%,2%,90%
www.airbnb.com,8%,2%,2%,4%,84%
www.lufthansa.com,5%,1%,2%,4%,88%
www.hotels.com,10%,3%,1%,3%,83%
www.travelocity.com,38%,15%,8%,9%,30%
www.flytap.com,3%,2%,<1%,2%,92%
www.royalairmaroc.com,3%,<1%,<1%,2%,93%
www.airbnb.co.uk,12%,4%,2%,4%,78%
cabinsofthesmokymountains.com,45%,19%,8%,6%,22%
kayak.es,42%,24%,9%,8%,17%
momondo.de,62%,20%,4%,4%,10%
www.swissport.com,6%,<1%,<1%,<1%,93%
www.airportparking.com,73%,7%,2%,1%,17%
us.despegar.com,65%,6%,2%,1%,26%
jetsmart.com,5%,1%,1%,3%,90%
farescan.com,2%,2%,<1%,2%,94%
australiavisaservices.com,83%,9%,2%,3%,3%
flyone.eu,4%,1%,1%,1%,93%
kenyavisaonline.com,61%,21%,5%,3%,10%
www.rentvillas.com,90%,5%,<1%,0%,5%
marriottbonvoy.com,5%,<1%,2%,7%,85%
disneyworld.disney.go.com,12%,<1%,5%,7%,76%
reservationstays.com,3%,<1%,<1%,2%,95%
hotelsinamerica.com,5%,0%,0%,2%,93%
rayanair.com,8%,7%,5%,4%,76%
momondo.no,52%,23%,4%,5%,16%
www.allegiantair.com,12%,3%,3%,4%,78%
hgv.com,5%,0%,<1%,5%,89%
cheapfaresnow.com,4%,3%,3%,<1%,89%
intervalworld.com,5%,2%,<1%,2%,90%
webjet.co.nz,4%,0%,0%,2%,94%
reservecalifornia.com,0%,2%,5%,<1%,92%
www.expedia.com,4%,<1%,<1%,2%,92%
www.lyft.com,32%,6%,5%,4%,53%
avianca.com,3%,<1%,<1%,3%,92%
www.makemytrip.com,6%,1%,2%,3%,88%
flyfrontier.com,2%,1%,1%,2%,94%
www.orbitz.com,10%,2%,1%,4%,83%
jetstar.com,5%,1%,1%,2%,91%
cabify.com,5%,1%,1%,4%,89%
goseek.com,60%,17%,9%,5%,9%
oyorooms.com/gb,17%,8%,1%,1%,73%
www.meteofrance.com,1%,<1%,1%,5%,93%
www.rci.com,4%,3%,1%,2%,90%
hotelreservations.com,27%,14%,7%,7%,45%
booking.co.uk,3%,<1%,1%,2%,93%
villas.com,6%,3%,1%,2%,88%
www.worldmarktheclub.com,2%,<1%,1%,2%,94%
flights.booking.com,4%,<1%,0%,1%,95%
vbro.com,2%,<1%,<1%,3%,95%
bluegreenvacations.com,3%,0%,2%,6%,89%
seatnet.com,2%,2%,<1%,1%,94%
newtraveltrip.com,0%,0%,<1%,<1%,98%
ykmx.cheapfaresnow.com,2%,<1%,<1%,3%,93%
www.hotelstorm.com,10%,3%,<1%,4%,82%
momondo.es,50%,27%,5%,2%,16%
www.park-resorts.com,17%,2%,6%,8%,67%
www.capitalonetravel.com,0%,<1%,2%,6%,91%
www.bluepacificvacationrentals.com,82%,4%,2%,0%,12%
www.jetairways.com,4%,4%,4%,2%,86%
travelreimagine.com,<1%,0%,0%,2%,97%
bigbustours.com/washington,37%,21%,15%,13%,14%
bigbearvacations.com,56%,15%,11%,8%,10%
www.miles-and-more.com,<1%,<1%,<1%,2%,96%
kayak.fr,34%,21%,10%,7%,28%
www.couchsurfing.com,3%,2%,<1%,3%,91%
www.insureandgousa.com,79%,14%,3%,1%,3%
wyndhamworldwide.com,<1%,<1%,<1%,2%,95%
www.cheaptickets.com,12%,3%,2%,2%,81%
cheapflights.com,22%,9%,4%,3%,62%
cars.easyjet.com,2%,<1%,<1%,3%,94%
cheapflights.ca,42%,18%,16%,7%,17%
holidayinnclub.com,1%,1%,<1%,2%,96%
reservationscenter.com,<1%,0%,0%,0%,100%
bookety.com,2%,<1%,0%,2%,95%
www.wotif.com,1%,1%,0%,2%,96%
www.bookingbuddy.com,37%,13%,12%,6%,32%
tripping.com,89%,4%,1%,1%,5%
hotelvalue.com,<1%,<1%,<1%,<1%,99%
smokymtndreams.com,62%,16%,8%,3%,11%
lowcostairlines.com,56%,23%,10%,2%,9%
